Title,Latitude,Longitude,Gender,Age,Issue,,Cluster
Basic Services,23.026906477598665,72.51214206218718,Male,10-19,No access to tap water.,,Ramdevnagar
Home Improvement,23.026906477598665,72.51230835914612,Male,10-19,Need Pakka Roof,,Ramdevnagar
Home Improvement,23.026906477598665,72.51250147819519,Male,10-19,Need Pakka Roof,,Ramdevnagar
Basic Services,23.026822548777037,72.51265168190002,Male,10-19,Need electricity connections,,Ramdevnagar
Basic Services,23.02682748576799,72.51278042793274,Male,50-59,No access to tap water.,,Ramdevnagar
Basic Services,23.026669501967763,72.51275360584259,Male,30-39,Need electricity connections,,Ramdevnagar
Basic Services,23.026704060939885,72.51250684261322,Male,30-39,No access to tap water.,,Ramdevnagar
Basic Services,23.026723808919975,72.51235127449036,Male,20-29,No access to tap water.,,Ramdevnagar
Infrastructure,23.026783052842887,72.51211524009705,Male,60-69,Need community toilets,,Ramdevnagar
Infrastructure,23.026684312956895,72.51201331615448,Female,20-29,Need Private toilet,,Ramdevnagar
Infrastructure,23.026639879984607,72.51217424869537,Male,30-39,Need Pakka Roof,,Ramdevnagar
Infrastructure,23.02658557299859,72.5123941898346,Female,30-39,Need Pakka Roof,,Ramdevnagar
Basic Services,23.026546076995007,72.51259803771973,Female,20-29,No access to tap water.,,Ramdevnagar
Personal Issues.,23.026546076995007,72.51283407211304,Female,60-69,Domestic quarells and fights,,Ramdevnagar
Personal Issues.,23.02642758891485,72.51276433467865,Female,40-49,Need Private toilet,,Ramdevnagar
Education Improvement,23.026279478668197,72.51271069049835,Female,30-39,Need of Public School,,Ramdevnagar
Basic Services,23.026244919587235,72.51287698745728,Male,10-19,Need electricity connections,,Ramdevnagar
Basic Services,23.02643746292551,72.51252293586731,Male,10-19,No access to tap water.,,Ramdevnagar
Basic Services,23.026363407827947,72.51249074935913,Male,10-19,No access to tap water.,,Ramdevnagar
Basic Services,23.026289352689712,72.51224398612975,Female,10-19,No access to tap water.,,Ramdevnagar
Basic Services,23.02651151798239,72.51228153705597,Female,10-19,No access to tap water.,,Ramdevnagar
Infrastructure,23.026476958960902,72.51209914684296,Male,30-39,Need Private toilet,,Ramdevnagar
Infrastructure,23.026457210944656,72.511927485466,Male,50-59,Need pakka walls.,,Ramdevnagar
Basic Services,23.02682748576799,72.51184165477753,Female,60-69,No access to cooking fuel.,,Ramdevnagar
Health Issues,23.02630910073055,72.51177728176117,Male,40-49,Need a health center.,,Ramdevnagar
Basic Services,23.026091872122183,72.51281797885895,Male,30-39,Need electricity connections,,Ramdevnagar
Basic Services,23.025869706137915,72.51276969909668,Male,30-39,Need access to sewer line,,Ramdevnagar
Basic Services,23.025746280432905,72.51273214817047,Male,50-59,Need access to tap water.,,Ramdevnagar
Health Issues,23.026081998086205,72.51266777515411,Male,60-69,Malaria Epidemic.,,Ramdevnagar
Health Issues,23.025938824483358,72.51253366470337,Male,60-69,No access to health centre.,,Ramdevnagar
Infrastructure,23.0257808396417,72.51254439353941,Female,10-19,Need individual bathrooms.,,Ramdevnagar
Infrastructure,23.02587958018944,72.51227617263794,Female,10-19,Need community toilets,,Ramdevnagar
Basic Services,23.02612149422574,72.5123244524002,Male,20-29,No access to tap water.,,Ramdevnagar
Personal Issues.,23.0260622500121,72.51209378242493,Female,20-29,Domestic quarells and fights,,Ramdevnagar
Infrastructure,23.026299226710485,72.51204013824463,Male,50-59,Need Private toilet,,Ramdevnagar
Basic Services,23.026126431242382,72.51186847686768,Female,50-59,No access to tap water.,,Ramdevnagar
Infrastructure,23.02592401341233,72.51176655292511,Male,30-39,Need community toilets,,Ramdevnagar
Infrastructure,23.025919076388284,72.51201868057251,Female,10-19,Need individual bathrooms.,,Ramdevnagar
Basic Services,23.026244919587235,72.51246929168701,Female,20-29,No access to tap water.,,Ramdevnagar
Basic Services,23.025588295365598,72.51274287700653,Male,40-49,No access to tap water.,,Ramdevnagar
Basic Services,23.025825272897137,72.51187920570374,Male,10-19,No access to tap water.,,Ramdevnagar
Home Improvement,23.025810461813617,72.51209378242493,Male,10-19,Need Pakka Roof,,Ramdevnagar
Home Improvement,23.02578577667081,72.51237273216248,Male,10-19,Need Pakka Roof,,Ramdevnagar
Basic Services,23.02569691011927,72.5118362903595,Male,10-19,Need electricity connections,,Ramdevnagar
Basic Services,23.02539575081449,72.51175045967102,Male,50-59,No access to tap water.,,Ramdevnagar
Basic Services,23.025321695144694,72.511927485466,Male,30-39,Need electricity connections,,Ramdevnagar
Basic Services,23.025376002639863,72.51221716403961,Male,30-39,No access to tap water.,,Ramdevnagar
Basic Services,23.025306884005857,72.51251220703125,Male,20-29,No access to tap water.,,Ramdevnagar
Infrastructure,23.025533987955956,72.51237273216248,Male,60-69,Need community toilets,,Ramdevnagar
Infrastructure,23.025218017138638,72.51208305358887,Female,20-29,Need Private toilet,,Ramdevnagar
Home Improvement,23.025153835475876,72.51231372356415,Male,30-39,Need Pakka Roof,,Ramdevnagar
Home Improvement,23.02567716198874,72.51215815544128,Female,30-39,Need Pakka Roof,,Ramdevnagar
Basic Services,23.025573484256046,72.51197040081024,Female,20-29,No access to tap water.,,Ramdevnagar
Personal Issues.,23.025129150212834,72.51185774803162,Female,60-69,Domestic quarells and fights,,Ramdevnagar
Infrastructure,23.02509459083697,72.51206159591673,Female,40-49,Need Private toilet,,Ramdevnagar
Education Improvement,23.02508965378256,72.51251220703125,Female,30-39,Need of Public School,,Ramdevnagar
Basic Services,23.02661025799494,72.51178801059723,Male,10-19,Need electricity connections,,Ramdevnagar
Basic Services,23.026906477598665,72.51178801059723,Male,10-19,No access to tap water.,,Ramdevnagar
Basic Services,23.026906477598665,72.51251220703125,Male,10-19,No access to tap water.,,Ramdevnagar
Basic Services,23.026906477598665,72.51206159591673,Female,10-19,No access to tap water.,,Ramdevnagar
Basic Services,23.026822548777037,72.51185774803162,Female,10-19,No access to tap water.,,Ramdevnagar
Infrastructure,23.02682748576799,72.51197040081024,Male,30-39,Need Private toilet,,Ramdevnagar
Home Improvement,23.026669501967763,72.51215815544128,Male,50-59,Need pakka walls.,,Ramdevnagar
Home Improvement,23.026704060939885,72.51231372356415,Female,60-69,No access to cooking fuel.,,Ramdevnagar
Health Issues,23.026723808919975,72.51208305358887,Male,40-49,Need a health center.,,Ramdevnagar
Basic Services,23.026783052842887,72.51237273216248,Male,30-39,Need electricity connections,,Ramdevnagar
Basic Services,23.026684312956895,72.51251220703125,Male,30-39,No access to sewer line,,Ramdevnagar
Basic Services,23.026639879984607,72.51221716403961,Male,50-59,No access to tap water.,,Ramdevnagar
Health Issues,23.02658557299859,72.511927485466,Male,60-69,Malaria Epidemic.,,Ramdevnagar
Health Issues,23.026546076995007,72.51175045967102,Male,60-69,No access to health centre.,,Ramdevnagar
Infrastructure,23.026546076995007,72.5118362903595,Female,10-19,Need individual bathrooms.,,Ramdevnagar
Infrastructure,23.02642758891485,72.51237273216248,Female,10-19,Need community toilets,,Ramdevnagar
Basic Services,23.026279478668197,72.51209378242493,Male,20-29,No access to tap water.,,Ramdevnagar
Personal Issues.,23.026244919587235,72.51187920570374,Female,20-29,Domestic quarells and fights,,Ramdevnagar
Infrastructure,23.02643746292551,72.51274287700653,Male,50-59,Need Private toilet,,Ramdevnagar
Basic Services,23.026363407827947,72.51246929168701,Female,50-59,No access to tap water.,,Ramdevnagar
Infrastructure,23.026289352689712,72.51201868057251,Male,30-39,Need community toilets,,Ramdevnagar
Infrastructure,23.02651151798239,72.51176655292511,Female,10-19,Need individual bathrooms.,,Ramdevnagar
Basic Services,23.026476958960902,72.51186847686768,Female,20-29,No access to tap water.,,Ramdevnagar
Basic Services,23.026457210944656,72.51204013824463,Male,40-49,No access to tap water.,,Ramdevnagar
Basic Services,23.02682748576799,72.51209378242493,Male,10-19,No access to tap water.,,Ramdevnagar
Home Improvement,23.02630910073055,72.5123244524002,Male,10-19,Need Pakka Roof,,Ramdevnagar
Home Improvement,23.026091872122183,72.51227617263794,Male,10-19,Need Pakka Roof,,Ramdevnagar
Basic Services,23.025869706137915,72.51254439353941,Male,10-19,Need electricity connections,,Ramdevnagar
Basic Services,23.025746280432905,72.51253366470337,Male,50-59,No access to tap water.,,Ramdevnagar
Basic Services,23.026081998086205,72.51266777515411,Male,30-39,Need electricity connections,,Ramdevnagar
Basic Services,23.025938824483358,72.51273214817047,Male,30-39,No access to tap water.,,Ramdevnagar
Basic Services,23.0257808396417,72.51276969909668,Male,20-29,No access to tap water.,,Ramdevnagar
Infrastructure,23.02587958018944,72.51281797885895,Male,60-69,Need community toilets,,Ramdevnagar
Infrastructure,23.02612149422574,72.51177728176117,Female,20-29,Need Private toilet,,Ramdevnagar
Infrastructure,23.0260622500121,72.51184165477753,Male,30-39,Need Pakka Roof,,Ramdevnagar
Infrastructure,23.026299226710485,72.511927485466,Female,30-39,Need Pakka Roof,,Ramdevnagar
Basic Services,23.026126431242382,72.51209914684296,Female,20-29,No access to tap water.,,Ramdevnagar
Personal Issues.,23.02592401341233,72.51228153705597,Female,60-69,Domestic quarells and fights,,Ramdevnagar
Personal Issues.,23.025919076388284,72.51224398612975,Female,40-49,Need Private toilet,,Ramdevnagar
Education Improvement,23.026244919587235,72.51249074935913,Female,30-39,Need of Public School,,Ramdevnagar
Basic Services,23.025588295365598,72.51252293586731,Male,10-19,Need electricity connections,,Ramdevnagar
Basic Services,23.025825272897137,72.51287698745728,Male,10-19,No access to tap water.,,Ramdevnagar
Basic Services,23.025810461813617,72.51271069049835,Male,10-19,No access to tap water.,,Ramdevnagar
Basic Services,23.02578577667081,72.51276433467865,Female,10-19,No access to tap water.,,Ramdevnagar
Basic Services,23.02569691011927,72.51283407211304,Female,10-19,No access to tap water.,,Ramdevnagar
Infrastructure,23.02539575081449,72.51259803771973,Male,30-39,Need Private toilet,,Ramdevnagar
Infrastructure,23.025321695144694,72.5123941898346,Male,50-59,Need pakka walls.,,Ramdevnagar
Basic Services,23.025376002639863,72.51217424869537,Female,60-69,No access to cooking fuel.,,Ramdevnagar
Health Issues,23.025306884005857,72.51201331615448,Male,40-49,Need a health center.,,Ramdevnagar
Basic Services,23.025533987955956,72.51211524009705,Male,30-39,Need electricity connections,,Ramdevnagar
Basic Services,23.025218017138638,72.51235127449036,Male,30-39,Need access to sewer line,,Ramdevnagar
Basic Services,23.025153835475876,72.51250684261322,Male,50-59,Need access to tap water.,,Ramdevnagar
Health Issues,23.02567716198874,72.51275360584259,Male,60-69,Malaria Epidemic.,,Ramdevnagar
Health Issues,23.025573484256046,72.51278042793274,Male,60-69,No access to health centre.,,Ramdevnagar
Infrastructure,23.025129150212834,72.51265168190002,Female,10-19,Need individual bathrooms.,,Ramdevnagar
Infrastructure,23.02509459083697,72.51250147819519,Female,10-19,Need community toilets,,Ramdevnagar
Basic Services,23.02508965378256,72.51230835914612,Male,20-29,No access to tap water.,,Ramdevnagar
Personal Issues.,23.02661025799494,72.51214206218718,Female,20-29,Domestic quarells and fights,,Ramdevnagar
Infrastructure,23.030777020598034,72.54976272583008,Male,50-59,Need Private toilet,,Hollywood Basti
Basic Services,23.03060423086999,72.54981637001038,Female,50-59,No access to tap water.,,Hollywood Basti
Infrastructure,23.030431440920452,72.5499504804611,Male,30-39,Need community toilets,,Hollywood Basti
Infrastructure,23.03048574635703,72.54961252212524,Female,10-19,Need individual bathrooms.,,Hollywood Basti
Basic Services,23.03076714690525,72.54949986934662,Female,20-29,No access to tap water.,,Hollywood Basti
Basic Services,23.030243840152984,72.54968225955963,Male,40-49,No access to tap water.,,Hollywood Basti
Basic Services,23.030303082528825,72.54998803138733,Male,10-19,No access to tap water.,,Hollywood Basti
Home Improvement,23.030638788833333,72.54938185214996,Male,10-19,Need Pakka Roof,,Hollywood Basti
Home Improvement,23.0302537138841,72.55017042160034,Male,10-19,Need Pakka Roof,,Hollywood Basti
Basic Services,23.03018953461894,72.55000948905945,Male,10-19,Need electricity connections,,Hollywood Basti
Basic Services,23.030451188354466,72.54977345466614,Male,50-59,No access to tap water.,,Hollywood Basti
Basic Services,23.03003649163252,72.54969835281372,Male,30-39,Need electricity connections,,Hollywood Basti
Basic Services,23.030016744137754,72.54999876022339,Male,30-39,No access to tap water.,,Hollywood Basti
Basic Services,23.030031554759102,72.55027770996094,Male,20-29,No access to tap water.,,Hollywood Basti
Infrastructure,23.02981433214948,72.54983246326447,Male,60-69,Need community toilets,,Hollywood Basti
Infrastructure,23.029809395267925,72.55013287067412,Female,20-29,Need Private toilet,,Hollywood Basti
Home Improvement,23.02981926903086,72.55041718482971,Male,30-39,Need Pakka Roof,,Hollywood Basti
Home Improvement,23.029567487849974,72.54971444606781,Female,30-39,Need Pakka Roof,,Hollywood Basti
Basic Services,23.029626730523084,72.55004703998566,Female,20-29,No access to tap water.,,Hollywood Basti
Personal Issues.,23.029903195986634,72.54963397979736,Female,60-69,Domestic quarells and fights,,Hollywood Basti
Infrastructure,23.030204345221296,72.54984319210052,Female,40-49,Need Private toilet,,Hollywood Basti
Education Improvement,23.030377135461983,72.54982709884644,Female,30-39,Need of Public School,,Hollywood Basti
Basic Services,23.030352451155444,72.54955351352692,Male,10-19,Need electricity connections,,Hollywood Basti
Basic Services,23.030174724014948,72.54949450492859,Male,10-19,No access to tap water.,,Hollywood Basti
Basic Services,23.030702967884565,72.54963397979736,Male,10-19,No access to tap water.,,Hollywood Basti
Basic Services,23.029641541187292,72.55028307437897,Female,10-19,No access to tap water.,,Hollywood Basti
Basic Services,23.029681036283897,72.54987001419066,Female,10-19,No access to tap water.,,Hollywood Basti
Infrastructure,23.02991306974271,72.54993975162506,Male,30-39,Need Private toilet,,Hollywood Basti
Home Improvement,23.029705720713395,72.5505781173706,Male,50-59,Need pakka walls.,,Hollywood Basti
Home Improvement,23.029537866503656,72.55074441432953,Female,60-69,No access to cooking fuel.,,Hollywood Basti
Health Issues,23.0295279927201,72.55049765110016,Male,40-49,Need a health center.,,Hollywood Basti
Basic Services,23.029458876214978,72.55019724369049,Male,30-39,Need electricity connections,,Hollywood Basti
Basic Services,23.029513182043424,72.549929022789,Male,30-39,No access to sewer line,,Hollywood Basti
Basic Services,23.02938482277731,72.55064785480499,Male,50-59,No access to tap water.,,Hollywood Basti
Health Issues,23.02972546825374,72.5495857000351,Male,60-69,Malaria Epidemic.,,Hollywood Basti
Health Issues,23.030041428505765,72.54932820796967,Male,60-69,No access to health centre.,,Hollywood Basti
Infrastructure,23.0298686378347,72.54938721656798,Female,10-19,Need individual bathrooms.,,Hollywood Basti
Infrastructure,23.02968597317016,72.54926919937134,Female,10-19,Need community toilets,,Hollywood Basti
Basic Services,23.02952305582805,72.5494247674942,Male,20-29,No access to tap water.,,Hollywood Basti
Personal Issues.,23.02935520139084,72.54966080188751,Female,20-29,Domestic quarells and fights,,Hollywood Basti
Infrastructure,23.029295958598382,72.55002558231354,Male,50-59,Need Private toilet,,Hollywood Basti
Basic Services,23.029276210995114,72.55034744739532,Female,50-59,No access to tap water.,,Hollywood Basti
Infrastructure,23.029231778877172,72.5506317615509,Male,30-39,Need community toilets,,Hollywood Basti
Infrastructure,23.029444065530694,72.54921019077301,Female,10-19,Need individual bathrooms.,,Hollywood Basti
Basic Services,23.02936013828902,72.54935503005981,Female,20-29,No access to tap water.,,Hollywood Basti
Basic Services,23.029542803395163,72.54931211471558,Male,40-49,No access to tap water.,,Hollywood Basti
Basic Services,23.028994807334136,72.54873275756836,Male,10-19,No access to tap water.,,Hollywood Basti
Home Improvement,23.02900468115675,72.5488668680191,Male,10-19,Need Pakka Roof,,Hollywood Basti
Home Improvement,23.02910341934309,72.54912972450256,Male,10-19,Need Pakka Roof,,Hollywood Basti
Basic Services,23.029147851503332,72.54923164844513,Male,10-19,Need electricity connections,,Hollywood Basti
Basic Services,23.029049113349547,72.54945158958435,Male,50-59,No access to tap water.,,Hollywood Basti
Basic Services,23.029231778877172,72.54958033561707,Male,30-39,Need electricity connections,,Hollywood Basti
Basic Services,23.02903923953019,72.54965007305144,Male,30-39,No access to tap water.,,Hollywood Basti
Basic Services,23.029207094360885,72.54988074302673,Male,20-29,No access to tap water.,,Hollywood Basti
Infrastructure,23.029078734803278,72.54997193813323,Male,60-69,Need community toilets,,Hollywood Basti
Infrastructure,23.02915278840911,72.55022943019867,Female,20-29,Need Private toilet,,Hollywood Basti
Infrastructure,23.029147851503332,72.55048155784607,Male,30-39,Need Pakka Roof,,Hollywood Basti
Infrastructure,23.0292219050712,72.5509589910507,Female,30-39,Need Pakka Roof,,Hollywood Basti
Basic Services,23.029350264492464,72.55086243152618,Female,20-29,No access to tap water.,,Hollywood Basti
Personal Issues.,23.029276210995114,72.55083560943604,Female,60-69,Domestic quarells and fights,,Hollywood Basti
Personal Issues.,23.029157725314725,72.55081951618195,Female,40-49,Need Private toilet,,Hollywood Basti
Education Improvement,23.030777020598034,72.55081951618195,Female,30-39,Need of Public School,,Hollywood Basti
Basic Services,23.03060423086999,72.55083560943604,Male,10-19,Need electricity connections,,Hollywood Basti
Basic Services,23.030431440920452,72.55086243152618,Male,10-19,No access to tap water.,,Hollywood Basti
Basic Services,23.03048574635703,72.5509589910507,Male,10-19,No access to tap water.,,Hollywood Basti
Basic Services,23.03076714690525,72.55048155784607,Female,10-19,No access to tap water.,,Hollywood Basti
Basic Services,23.030243840152984,72.55022943019867,Female,10-19,No access to tap water.,,Hollywood Basti
Infrastructure,23.030303082528825,72.54997193813323,Male,30-39,Need Private toilet,,Hollywood Basti
Infrastructure,23.030638788833333,72.54988074302673,Male,50-59,Need pakka walls.,,Hollywood Basti
Basic Services,23.0302537138841,72.54965007305144,Female,60-69,No access to cooking fuel.,,Hollywood Basti
Health Issues,23.03018953461894,72.54958033561707,Male,40-49,Need a health center.,,Hollywood Basti
Basic Services,23.030451188354466,72.54945158958435,Male,30-39,Need electricity connections,,Hollywood Basti
Basic Services,23.03003649163252,72.54923164844513,Male,30-39,Need access to sewer line,,Hollywood Basti
Basic Services,23.030016744137754,72.54912972450256,Male,50-59,Need access to tap water.,,Hollywood Basti
Health Issues,23.030031554759102,72.5488668680191,Male,60-69,Malaria Epidemic.,,Hollywood Basti
Health Issues,23.02981433214948,72.54873275756836,Male,60-69,No access to health centre.,,Hollywood Basti
Infrastructure,23.029809395267925,72.54931211471558,Female,10-19,Need individual bathrooms.,,Hollywood Basti
Infrastructure,23.02981926903086,72.54935503005981,Female,10-19,Need community toilets,,Hollywood Basti
Basic Services,23.029567487849974,72.54921019077301,Male,20-29,No access to tap water.,,Hollywood Basti
Personal Issues.,23.029626730523084,72.5506317615509,Female,20-29,Domestic quarells and fights,,Hollywood Basti
Infrastructure,23.029903195986634,72.55034744739532,Male,50-59,Need Private toilet,,Hollywood Basti
Basic Services,23.030204345221296,72.55002558231354,Female,50-59,No access to tap water.,,Hollywood Basti
Infrastructure,23.030377135461983,72.54966080188751,Male,30-39,Need community toilets,,Hollywood Basti
Infrastructure,23.030352451155444,72.5494247674942,Female,10-19,Need individual bathrooms.,,Hollywood Basti
Basic Services,23.030174724014948,72.54926919937134,Female,20-29,No access to tap water.,,Hollywood Basti
Basic Services,23.030702967884565,72.54938721656798,Male,40-49,No access to tap water.,,Hollywood Basti
Basic Services,23.029641541187292,72.54932820796967,Male,10-19,No access to tap water.,,Hollywood Basti
Home Improvement,23.029681036283897,72.5495857000351,Male,10-19,Need Pakka Roof,,Hollywood Basti
Home Improvement,23.02991306974271,72.55064785480499,Male,10-19,Need Pakka Roof,,Hollywood Basti
Basic Services,23.029705720713395,72.549929022789,Male,10-19,Need electricity connections,,Hollywood Basti
Basic Services,23.029537866503656,72.55019724369049,Male,50-59,No access to tap water.,,Hollywood Basti
Basic Services,23.0295279927201,72.55049765110016,Male,30-39,Need electricity connections,,Hollywood Basti
Basic Services,23.029458876214978,72.55074441432953,Male,30-39,No access to tap water.,,Hollywood Basti
Basic Services,23.029513182043424,72.5505781173706,Male,20-29,No access to tap water.,,Hollywood Basti
Infrastructure,23.02938482277731,72.54993975162506,Male,60-69,Need community toilets,,Hollywood Basti
Infrastructure,23.02972546825374,72.54987001419066,Female,20-29,Need Private toilet,,Hollywood Basti
Home Improvement,23.030041428505765,72.55028307437897,Male,30-39,Need Pakka Roof,,Hollywood Basti
Home Improvement,23.0298686378347,72.54963397979736,Female,30-39,Need Pakka Roof,,Hollywood Basti
Basic Services,23.02968597317016,72.54949450492859,Female,20-29,No access to tap water.,,Hollywood Basti
Personal Issues.,23.02952305582805,72.54955351352692,Female,60-69,Domestic quarells and fights,,Hollywood Basti
Infrastructure,23.02935520139084,72.54982709884644,Female,40-49,Need Private toilet,,Hollywood Basti
Education Improvement,23.029295958598382,72.54984319210052,Female,30-39,Need of Public School,,Hollywood Basti
Basic Services,23.029276210995114,72.54963397979736,Male,10-19,Need electricity connections,,Hollywood Basti
Basic Services,23.029231778877172,72.55004703998566,Male,10-19,No access to tap water.,,Hollywood Basti
Basic Services,23.029444065530694,72.54971444606781,Male,10-19,No access to tap water.,,Hollywood Basti
Basic Services,23.02936013828902,72.55041718482971,Female,10-19,No access to tap water.,,Hollywood Basti
Basic Services,23.029542803395163,72.55013287067412,Female,10-19,No access to tap water.,,Hollywood Basti
Infrastructure,23.028994807334136,72.54983246326447,Male,30-39,Need Private toilet,,Hollywood Basti
Home Improvement,23.02900468115675,72.55027770996094,Male,50-59,Need pakka walls.,,Hollywood Basti
Home Improvement,23.02910341934309,72.54999876022339,Female,60-69,No access to cooking fuel.,,Hollywood Basti
Health Issues,23.029147851503332,72.54969835281372,Male,40-49,Need a health center.,,Hollywood Basti
Basic Services,23.029049113349547,72.54977345466614,Male,30-39,Need electricity connections,,Hollywood Basti
Basic Services,23.029231778877172,72.55000948905945,Male,30-39,No access to sewer line,,Hollywood Basti
Basic Services,23.02903923953019,72.55017042160034,Male,50-59,No access to tap water.,,Hollywood Basti
Health Issues,23.029207094360885,72.54938185214996,Male,60-69,Malaria Epidemic.,,Hollywood Basti
Health Issues,23.029078734803278,72.54998803138733,Male,60-69,No access to health centre.,,Hollywood Basti
Infrastructure,23.02915278840911,72.54968225955963,Female,10-19,Need individual bathrooms.,,Hollywood Basti
Infrastructure,23.029147851503332,72.54949986934662,Female,10-19,Need community toilets,,Hollywood Basti
Basic Services,23.0292219050712,72.54961252212524,Male,20-29,No access to tap water.,,Hollywood Basti
Personal Issues.,23.029350264492464,72.5499504804611,Female,20-29,Domestic quarells and fights,,Hollywood Basti
Infrastructure,23.029276210995114,72.54981637001038,Male,50-59,Need Private toilet,,Hollywood Basti
Basic Services,23.029157725314725,72.54976272583008,Female,50-59,No access to tap water.,,Hollywood Basti
Infrastructure,23.06902956,72.5587313,Male,30-39,Need community toilets,,Liberty Slums
Infrastructure,23.06889816,72.55887067,Female,10-19,Need individual bathrooms.,,Liberty Slums
Basic Services,23.0689766,72.5587982,Female,20-29,No access to tap water.,,Liberty Slums
Basic Services,23.06894526,72.55885416,Male,40-49,No access to tap water.,,Liberty Slums
Basic Services,23.06890176,72.55884763,Male,10-19,No access to tap water.,,Liberty Slums
Home Improvement,23.06900908,72.55883403,Male,10-19,Need Pakka Roof,,Liberty Slums
Home Improvement,23.06887346,72.5589467,Male,10-19,Need Pakka Roof,,Liberty Slums
Basic Services,23.06864769,72.55889212,Male,10-19,Need electricity connections,,Liberty Slums
Basic Services,23.06867423,72.55888399,Male,50-59,No access to tap water.,,Liberty Slums
Basic Services,23.06867185,72.55882183,Male,30-39,Need electricity connections,,Liberty Slums
Basic Services,23.0687149,72.5588016,Male,30-39,No access to tap water.,,Liberty Slums
Basic Services,23.06843472,72.55892574,Male,20-29,No access to tap water.,,Liberty Slums
Infrastructure,23.06849007,72.55892578,Male,60-69,Need community toilets,,Liberty Slums
Infrastructure,23.06850333,72.55893713,Female,20-29,Need Private toilet,,Liberty Slums
Infrastructure,23.06845063,72.5590104,Male,30-39,Need Pakka Roof,,Liberty Slums
Infrastructure,23.0684523,72.55871399,Female,30-39,Need Pakka Roof,,Liberty Slums
Basic Services,23.06878262,72.55887254,Female,20-29,No access to tap water.,,Liberty Slums
Personal Issues.,23.06906119,72.55876512,Female,60-69,Domestic quarells and fights,,Liberty Slums
Personal Issues.,23.069056,72.55883012,Female,40-49,Need Private toilet,,Liberty Slums
Education Improvement,23.06899088,72.55875633,Female,30-39,Need of Public School,,Liberty Slums
Basic Services,23.06904843,72.55878041,Male,10-19,Need electricity connections,,Liberty Slums
Basic Services,23.0689656,72.55860154,Male,10-19,No access to tap water.,,Liberty Slums
Basic Services,23.06893159,72.55863959,Male,10-19,No access to tap water.,,Liberty Slums
Basic Services,23.06898148,72.55852336,Female,10-19,No access to tap water.,,Liberty Slums
Basic Services,23.06879238,72.55863292,Female,10-19,No access to tap water.,,Liberty Slums
Infrastructure,23.06850684,72.55871737,Male,30-39,Need Private toilet,,Liberty Slums
Infrastructure,23.06819604,72.55878564,Male,50-59,Need pakka walls.,,Liberty Slums
Basic Services,23.06817838,72.55887442,Female,60-69,No access to cooking fuel.,,Liberty Slums
Health Issues,23.06821735,72.55884787,Male,40-49,Need a health center.,,Liberty Slums
Basic Services,23.06748231,72.55898641,Male,30-39,Need electricity connections,,Liberty Slums
Basic Services,23.06724381,72.55903313,Male,30-39,Need access to sewer line,,Liberty Slums
Basic Services,23.0671819,72.55905405,Male,50-59,Need access to tap water.,,Liberty Slums
Health Issues,23.0671468,72.55913284,Male,60-69,Malaria Epidemic.,,Liberty Slums
Health Issues,23.06720635,72.5590691,Male,60-69,No access to health centre.,,Liberty Slums
Infrastructure,23.06699906,72.55911134,Female,10-19,Need individual bathrooms.,,Liberty Slums
Infrastructure,23.06699497,72.55908141,Female,10-19,Need community toilets,,Liberty Slums
Basic Services,23.06697469,72.55914975,Male,20-29,No access to tap water.,,Liberty Slums
Personal Issues.,23.06698051,72.55914196,Female,20-29,Domestic quarells and fights,,Liberty Slums
Infrastructure,23.06698427,72.55913715,Male,50-59,Need Private toilet,,Liberty Slums
Basic Services,23.0666641,72.55917985,Female,50-59,No access to tap water.,,Liberty Slums
Infrastructure,23.0666641,72.5587313,Male,30-39,Need community toilets,,Liberty Slums
Infrastructure,23.06698427,72.55887067,Female,10-19,Need individual bathrooms.,,Liberty Slums
Basic Services,23.06698051,72.5587982,Female,20-29,No access to tap water.,,Liberty Slums
Basic Services,23.06697469,72.55885416,Male,40-49,No access to tap water.,,Liberty Slums
Basic Services,23.06699497,72.55884763,Male,10-19,No access to tap water.,,Liberty Slums
Home Improvement,23.06699906,72.55883403,Male,10-19,Need Pakka Roof,,Liberty Slums
Home Improvement,23.06720635,72.5589467,Male,10-19,Need Pakka Roof,,Liberty Slums
Basic Services,23.0671468,72.55889212,Male,10-19,Need electricity connections,,Liberty Slums
Basic Services,23.0671819,72.55888399,Male,50-59,No access to tap water.,,Liberty Slums
Basic Services,23.06724381,72.55882183,Male,30-39,Need electricity connections,,Liberty Slums
Basic Services,23.06748231,72.5588016,Male,30-39,No access to tap water.,,Liberty Slums
Basic Services,23.06821735,72.55892574,Male,20-29,No access to tap water.,,Liberty Slums
Infrastructure,23.06817838,72.55892578,Male,60-69,Need community toilets,,Liberty Slums
Infrastructure,23.06819604,72.55893713,Female,20-29,Need Private toilet,,Liberty Slums
Home Improvement,23.06850684,72.5590104,Male,30-39,Need Pakka Roof,,Liberty Slums
Home Improvement,23.06879238,72.55871399,Female,30-39,Need Pakka Roof,,Liberty Slums
Basic Services,23.06898148,72.55887254,Female,20-29,No access to tap water.,,Liberty Slums
Personal Issues.,23.06893159,72.55876512,Female,60-69,Domestic quarells and fights,,Liberty Slums
Infrastructure,23.0689656,72.55883012,Female,40-49,Need Private toilet,,Liberty Slums
Education Improvement,23.06904843,72.55875633,Female,30-39,Need of Public School,,Liberty Slums
Basic Services,23.06899088,72.55878041,Male,10-19,Need electricity connections,,Liberty Slums
Basic Services,23.069056,72.55860154,Male,10-19,No access to tap water.,,Liberty Slums
Basic Services,23.06906119,72.55863959,Male,10-19,No access to tap water.,,Liberty Slums
Basic Services,23.06878262,72.55852336,Female,10-19,No access to tap water.,,Liberty Slums
Basic Services,23.0684523,72.55863292,Female,10-19,No access to tap water.,,Liberty Slums
Infrastructure,23.06845063,72.55871737,Male,30-39,Need Private toilet,,Liberty Slums
Home Improvement,23.06850333,72.55878564,Male,50-59,Need pakka walls.,,Liberty Slums
Home Improvement,23.06849007,72.55887442,Female,60-69,No access to cooking fuel.,,Liberty Slums
Health Issues,23.06843472,72.55884787,Male,40-49,Need a health center.,,Liberty Slums
Basic Services,23.0687149,72.55898641,Male,30-39,Need electricity connections,,Liberty Slums
Basic Services,23.06867185,72.55903313,Male,30-39,No access to sewer line,,Liberty Slums
Basic Services,23.06867423,72.55905405,Male,50-59,No access to tap water.,,Liberty Slums
Health Issues,23.06864769,72.55913284,Male,60-69,Malaria Epidemic.,,Liberty Slums
Health Issues,23.06887346,72.5590691,Male,60-69,No access to health centre.,,Liberty Slums
Infrastructure,23.06900908,72.55911134,Female,10-19,Need individual bathrooms.,,Liberty Slums
Infrastructure,23.06890176,72.55908141,Female,10-19,Need community toilets,,Liberty Slums
Basic Services,23.06894526,72.55914975,Male,20-29,No access to tap water.,,Liberty Slums
Personal Issues.,23.0689766,72.55914196,Female,20-29,Domestic quarells and fights,,Gharnala Na chhapra
Infrastructure,23.06889816,72.55913715,Male,50-59,Need Private toilet,,Gharnala Na chhapra
Basic Services,23.06902956,72.55917985,Female,50-59,No access to tap water.,,Gharnala Na chhapra
Infrastructure,23.06902956,72.5587313,Male,30-39,Need community toilets,,Gharnala Na chhapra
Infrastructure,23.06889816,72.55887067,Female,10-19,Need individual bathrooms.,,Gharnala Na chhapra
Basic Services,23.0689766,72.5587982,Female,20-29,No access to tap water.,,Gharnala Na chhapra
Basic Services,23.06894526,72.55885416,Male,40-49,No access to tap water.,,Gharnala Na chhapra
Basic Services,23.06890176,72.55884763,Male,10-19,No access to tap water.,,Gharnala Na chhapra
Home Improvement,23.06900908,72.55883403,Male,10-19,Need Pakka Roof,,Gharnala Na chhapra
Home Improvement,23.06887346,72.5589467,Male,10-19,Need Pakka Roof,,Gharnala Na chhapra
Basic Services,23.06864769,72.55889212,Male,10-19,Need electricity connections,,Gharnala Na chhapra
Basic Services,23.06867423,72.55888399,Male,50-59,No access to tap water.,,Gharnala Na chhapra
Basic Services,23.06867185,72.55882183,Male,30-39,Need electricity connections,,Gharnala Na chhapra
Basic Services,23.0687149,72.5588016,Male,30-39,No access to tap water.,,Gharnala Na chhapra
Basic Services,23.06843472,72.55892574,Male,20-29,No access to tap water.,,Gharnala Na chhapra
Infrastructure,23.06849007,72.55892578,Male,60-69,Need community toilets,,Gharnala Na chhapra
Infrastructure,23.06850333,72.55893713,Female,20-29,Need Private toilet,,Gharnala Na chhapra
Infrastructure,23.06845063,72.5590104,Male,30-39,Need Pakka Roof,,Gharnala Na chhapra
Infrastructure,23.0684523,72.55871399,Female,30-39,Need Pakka Roof,,Gharnala Na chhapra
Basic Services,23.06878262,72.55887254,Female,20-29,No access to tap water.,,Gharnala Na chhapra
Personal Issues.,23.06906119,72.55876512,Female,60-69,Domestic quarells and fights,,Gharnala Na chhapra
Personal Issues.,23.069056,72.55883012,Female,40-49,Need Private toilet,,Gharnala Na chhapra
Education Improvement,23.06899088,72.55875633,Female,30-39,Need of Public School,,Gharnala Na chhapra
Basic Services,23.06904843,72.55878041,Male,10-19,Need electricity connections,,Gharnala Na chhapra
Basic Services,23.0689656,72.55860154,Male,10-19,No access to tap water.,,Gharnala Na chhapra
Basic Services,23.06893159,72.55863959,Male,10-19,No access to tap water.,,Gharnala Na chhapra
Basic Services,23.06898148,72.55852336,Female,10-19,No access to tap water.,,Gharnala Na chhapra
Basic Services,23.06879238,72.55863292,Female,10-19,No access to tap water.,,Gharnala Na chhapra
Infrastructure,23.06850684,72.55871737,Male,30-39,Need Private toilet,,Gharnala Na chhapra
Infrastructure,23.06819604,72.55878564,Male,50-59,Need pakka walls.,,Gharnala Na chhapra
Basic Services,23.06817838,72.55887442,Female,60-69,No access to cooking fuel.,,Gharnala Na chhapra
Health Issues,23.06821735,72.55884787,Male,40-49,Need a health center.,,Gharnala Na chhapra
Basic Services,23.06748231,72.55898641,Male,30-39,Need electricity connections,,Gharnala Na chhapra
Basic Services,23.06724381,72.55903313,Male,30-39,Need access to sewer line,,Gharnala Na chhapra
Basic Services,23.0671819,72.55905405,Male,50-59,Need access to tap water.,,Gharnala Na chhapra
Health Issues,23.0671468,72.55913284,Male,60-69,Malaria Epidemic.,,Gharnala Na chhapra
Health Issues,23.06720635,72.5590691,Male,60-69,No access to health centre.,,Gharnala Na chhapra
Infrastructure,23.06699906,72.55911134,Female,10-19,Need individual bathrooms.,,Gharnala Na chhapra
Infrastructure,23.06699497,72.55908141,Female,10-19,Need community toilets,,Gharnala Na chhapra
Basic Services,23.06697469,72.55914975,Male,20-29,No access to tap water.,,Gharnala Na chhapra
Personal Issues.,23.06698051,72.55914196,Female,20-29,Domestic quarells and fights,,Gharnala Na chhapra
Infrastructure,23.06698427,72.55913715,Male,50-59,Need Private toilet,,Gharnala Na chhapra
Basic Services,23.0666641,72.55917985,Female,50-59,No access to tap water.,,Gharnala Na chhapra
Infrastructure,23.0666641,72.5587313,Male,30-39,Need community toilets,,Gharnala Na chhapra
Infrastructure,23.06698427,72.55887067,Female,10-19,Need individual bathrooms.,,Gharnala Na chhapra
Basic Services,23.06698051,72.5587982,Female,20-29,No access to tap water.,,Gharnala Na chhapra
Basic Services,23.06697469,72.55885416,Male,40-49,No access to tap water.,,Gharnala Na chhapra
Basic Services,23.06699497,72.55884763,Male,10-19,No access to tap water.,,Gharnala Na chhapra
Home Improvement,23.06699906,72.55883403,Male,10-19,Need Pakka Roof,,Gharnala Na chhapra
Home Improvement,23.06720635,72.5589467,Male,10-19,Need Pakka Roof,,Gharnala Na chhapra
Basic Services,23.0671468,72.55889212,Male,10-19,Need electricity connections,,Gharnala Na chhapra
Basic Services,23.0671819,72.55888399,Male,50-59,No access to tap water.,,Gharnala Na chhapra
Basic Services,23.06724381,72.55882183,Male,30-39,Need electricity connections,,Gharnala Na chhapra
Basic Services,23.06748231,72.5588016,Male,30-39,No access to tap water.,,Gharnala Na chhapra
Basic Services,23.06821735,72.55892574,Male,20-29,No access to tap water.,,Gharnala Na chhapra
Infrastructure,23.06817838,72.55892578,Male,60-69,Need community toilets,,Gharnala Na chhapra
Infrastructure,23.06819604,72.55893713,Female,20-29,Need Private toilet,,Gharnala Na chhapra
Home Improvement,23.06850684,72.5590104,Male,30-39,Need Pakka Roof,,Gharnala Na chhapra
Home Improvement,23.06879238,72.55871399,Female,30-39,Need Pakka Roof,,Gharnala Na chhapra
Basic Services,23.06898148,72.55887254,Female,20-29,No access to tap water.,,Gharnala Na chhapra
Personal Issues.,23.06893159,72.55876512,Female,60-69,Domestic quarells and fights,,Gharnala Na chhapra
Infrastructure,23.0689656,72.55883012,Female,40-49,Need Private toilet,,Gharnala Na chhapra
Education Improvement,23.06904843,72.55875633,Female,30-39,Need of Public School,,Gharnala Na chhapra
Basic Services,23.06899088,72.55878041,Male,10-19,Need electricity connections,,Gharnala Na chhapra
Basic Services,23.069056,72.55860154,Male,10-19,No access to tap water.,,Gharnala Na chhapra
Basic Services,23.06906119,72.55863959,Male,10-19,No access to tap water.,,Gharnala Na chhapra
Basic Services,23.06878262,72.55852336,Female,10-19,No access to tap water.,,Gharnala Na chhapra
Basic Services,23.0684523,72.55863292,Female,10-19,No access to tap water.,,Gharnala Na chhapra
Infrastructure,23.06845063,72.55871737,Male,30-39,Need Private toilet,,Gharnala Na chhapra
Home Improvement,23.06850333,72.55878564,Male,50-59,Need pakka walls.,,Gharnala Na chhapra
Home Improvement,23.06849007,72.55887442,Female,60-69,No access to cooking fuel.,,Gharnala Na chhapra
Health Issues,23.06843472,72.55884787,Male,40-49,Need a health center.,,Gharnala Na chhapra
Basic Services,23.0687149,72.55898641,Male,30-39,Need electricity connections,,Gharnala Na chhapra
Basic Services,23.06867185,72.55903313,Male,30-39,No access to sewer line,,Gharnala Na chhapra
Basic Services,23.06867423,72.55905405,Male,50-59,No access to tap water.,,Gharnala Na chhapra
Health Issues,23.06864769,72.55913284,Male,60-69,Malaria Epidemic.,,Gharnala Na chhapra
Health Issues,23.06887346,72.5590691,Male,60-69,No access to health centre.,,Gharnala Na chhapra
Infrastructure,23.06900908,72.55911134,Female,10-19,Need individual bathrooms.,,Gharnala Na chhapra
Infrastructure,23.06890176,72.55908141,Female,10-19,Need community toilets,,Gharnala Na chhapra
Basic Services,23.06894526,72.55914975,Male,20-29,No access to tap water.,,Gharnala Na chhapra
Personal Issues.,23.0689766,72.55914196,Female,20-29,Domestic quarells and fights,,Gharnala Na chhapra
Infrastructure,23.06889816,72.55913715,Male,50-59,Need Private toilet,,Gharnala Na chhapra
Basic Services,23.06902956,72.55917985,Female,50-59,No access to tap water.,,Gharnala Na chhapra
Infrastructure,23.06902956,72.5587313,Male,30-39,Need community toilets,,Gharnala Na chhapra
Infrastructure,23.06889816,72.55887067,Female,10-19,Need individual bathrooms.,,Gharnala Na chhapra
Basic Services,23.0689766,72.5587982,Female,20-29,No access to tap water.,,Gharnala Na chhapra
Basic Services,23.06894526,72.55885416,Male,40-49,No access to tap water.,,Gharnala Na chhapra
Basic Services,23.06890176,72.55884763,Male,10-19,No access to tap water.,,Gharnala Na chhapra
Home Improvement,23.06900908,72.55883403,Male,10-19,Need Pakka Roof,,Gharnala Na chhapra
Home Improvement,23.06887346,72.5589467,Male,10-19,Need Pakka Roof,,Gharnala Na chhapra
Basic Services,23.06864769,72.55889212,Male,10-19,Need electricity connections,,Gharnala Na chhapra
Basic Services,23.06867423,72.55888399,Male,50-59,No access to tap water.,,Gharnala Na chhapra
Basic Services,23.06867185,72.55882183,Male,30-39,Need electricity connections,,Gharnala Na chhapra
Basic Services,23.0687149,72.5588016,Male,30-39,No access to tap water.,,Gharnala Na chhapra
Basic Services,23.06843472,72.55892574,Male,20-29,No access to tap water.,,Gharnala Na chhapra
Infrastructure,23.06849007,72.55892578,Male,60-69,Need community toilets,,Gharnala Na chhapra
Infrastructure,23.06850333,72.55893713,Female,20-29,Need Private toilet,,Gharnala Na chhapra
Infrastructure,23.06845063,72.5590104,Male,30-39,Need Pakka Roof,,Gharnala Na chhapra
Infrastructure,23.0684523,72.55871399,Female,30-39,Need Pakka Roof,,Gharnala Na chhapra
Basic Services,23.06878262,72.55887254,Female,20-29,No access to tap water.,,Gharnala Na chhapra
Personal Issues.,23.06906119,72.55876512,Female,60-69,Domestic quarells and fights,,Gharnala Na chhapra
Personal Issues.,23.069056,72.55883012,Female,40-49,Need Private toilet,,Gharnala Na chhapra
Education Improvement,23.06899088,72.55875633,Female,30-39,Need of Public School,,Gharnala Na chhapra
Basic Services,23.06904843,72.55878041,Male,10-19,Need electricity connections,,Gharnala Na chhapra
Basic Services,23.0689656,72.55860154,Male,10-19,No access to tap water.,,Gharnala Na chhapra
Basic Services,23.06893159,72.55863959,Male,10-19,No access to tap water.,,Gharnala Na chhapra
Basic Services,23.06898148,72.55852336,Female,10-19,No access to tap water.,,Gharnala Na chhapra
Basic Services,23.06879238,72.55863292,Female,10-19,No access to tap water.,,Gharnala Na chhapra
Infrastructure,23.06850684,72.55871737,Male,30-39,Need Private toilet,,Gharnala Na chhapra
Infrastructure,23.06819604,72.55878564,Male,50-59,Need pakka walls.,,Gharnala Na chhapra
Basic Services,23.06817838,72.55887442,Female,60-69,No access to cooking fuel.,,Gharnala Na chhapra
Health Issues,23.06821735,72.55884787,Male,40-49,Need a health center.,,Gharnala Na chhapra
Basic Services,23.06748231,72.55898641,Male,30-39,Need electricity connections,,Gharnala Na chhapra
Basic Services,23.06724381,72.55903313,Male,30-39,Need access to sewer line,,Gharnala Na chhapra
Basic Services,23.0671819,72.55905405,Male,50-59,Need access to tap water.,,Gharnala Na chhapra
Health Issues,23.0671468,72.55913284,Male,60-69,Malaria Epidemic.,,Gharnala Na chhapra
Health Issues,23.06720635,72.5590691,Male,60-69,No access to health centre.,,Gharnala Na chhapra
Infrastructure,23.06699906,72.55911134,Female,10-19,Need individual bathrooms.,,Gharnala Na chhapra
Infrastructure,23.06699497,72.55908141,Female,10-19,Need community toilets,,Gharnala Na chhapra
Basic Services,23.06697469,72.55914975,Male,20-29,No access to tap water.,,Gharnala Na chhapra
Personal Issues.,23.06698051,72.55914196,Female,20-29,Domestic quarells and fights,,Gharnala Na chhapra
Infrastructure,23.06698427,72.55913715,Male,50-59,Need Private toilet,,Gharnala Na chhapra
Basic Services,23.0666641,72.55917985,Female,50-59,No access to tap water.,,Gharnala Na chhapra
Infrastructure,23.0666641,72.5587313,Male,30-39,Need community toilets,,Gharnala Na chhapra
Infrastructure,23.06698427,72.55887067,Female,10-19,Need individual bathrooms.,,Gharnala Na chhapra
Basic Services,23.037560076579652,72.55832970142365,Female,20-29,No access to tap water.,,Gharnala Na chhapra
Basic Services,23.03747368609194,72.55826264619827,Male,40-49,No access to tap water.,,Gharnala Na chhapra
Basic Services,23.03747368609194,72.55833774805069,Male,10-19,No access to tap water.,,Gharnala Na chhapra
Home Improvement,23.037374954038153,72.55825191736221,Male,10-19,Need Pakka Roof,,Gharnala Na chhapra
Home Improvement,23.03736014422384,72.55836457014084,Male,10-19,Need Pakka Roof,,Gharnala Na chhapra
Basic Services,23.03727128530381,72.55817145109177,Male,10-19,Need electricity connections,,Gharnala Na chhapra
Basic Services,23.037295968343024,72.55831360816956,Male,50-59,No access to tap water.,,Gharnala Na chhapra
Basic Services,23.037192299547918,72.55822777748108,Male,30-39,Need electricity connections,,Gharnala Na chhapra
Basic Services,23.037179958019376,72.55834311246872,Male,30-39,No access to tap water.,,Gharnala Na chhapra
Basic Services,23.037293500039315,72.55838066339493,Male,20-29,No access to tap water.,,Gharnala Na chhapra
Infrastructure,23.037478622692717,72.55844503641129,Male,60-69,Need community toilets,,Gharnala Na chhapra
Infrastructure,23.037399637058385,72.55849868059158,Female,20-29,Need Private toilet,,Gharnala Na chhapra
Home Improvement,23.037325587984117,72.55849868059158,Male,30-39,Need Pakka Roof,,Gharnala Na chhapra
Home Improvement,23.03721945090673,72.55849599838257,Female,30-39,Need Pakka Roof,,Gharnala Na chhapra
Basic Services,23.037137996813872,72.55815267562866,Female,20-29,No access to tap water.,,Gharnala Na chhapra
Personal Issues.,23.037113313745717,72.55825728178024,Female,60-69,Domestic quarells and fights,,Gharnala Na chhapra
Infrastructure,23.03701951804546,72.55816608667374,Female,40-49,Need Private toilet,,Gharnala Na chhapra
Education Improvement,23.037034327897207,72.55827337503433,Female,30-39,Need of Public School,,Gharnala Na chhapra
Basic Services,23.036938063831755,72.55806952714919,Male,10-19,Need electricity connections,,Gharnala Na chhapra
Basic Services,23.036918317348285,72.55816876888275,Male,10-19,No access to tap water.,,Gharnala Na chhapra
Basic Services,23.036831926449086,72.55807757377625,Male,10-19,No access to tap water.,,Gharnala Na chhapra
Basic Services,23.036787496822217,72.55818486213684,Female,10-19,No access to tap water.,,Gharnala Na chhapra
Basic Services,23.036923253969416,72.55824387073517,Female,10-19,No access to tap water.,,Gharnala Na chhapra
Infrastructure,23.03698002509951,72.55839139223097,Male,30-39,Need Private toilet,,Gharnala Na chhapra
Home Improvement,23.03713552850726,72.5584289431572,Male,50-59,Need pakka walls.,,Gharnala Na chhapra
Home Improvement,23.036730725611008,72.5580507516861,Female,60-69,No access to cooking fuel.,,Gharnala Na chhapra
Health Issues,23.03687635606131,72.55829483270645,Male,40-49,Need a health center.,,Gharnala Na chhapra
Basic Services,23.036785028509172,72.55831092596053,Male,30-39,Need electricity connections,,Gharnala Na chhapra
Basic Services,23.036868951126962,72.55842357873917,Male,30-39,No access to sewer line,,Gharnala Na chhapra
Basic Services,23.03675047212196,72.55843967199326,Male,50-59,No access to tap water.,,Gharnala Na chhapra
Health Issues,23.03682945813688,72.5585013628006,Male,60-69,Malaria Epidemic.,,Gharnala Na chhapra
Health Issues,23.03675047212196,72.55861669778824,Male,60-69,No access to health centre.,,Gharnala Na chhapra
Infrastructure,23.036903507483782,72.55862206220627,Female,10-19,Need individual bathrooms.,,Gharnala Na chhapra
Infrastructure,23.03671838404019,72.55852282047272,Female,10-19,Need community toilets,,Gharnala Na chhapra
Basic Services,23.037007176501092,72.55849868059158,Male,20-29,No access to tap water.,,Gharnala Na chhapra
Personal Issues.,23.037113313745717,72.5585550069809,Female,20-29,Domestic quarells and fights,,Gharnala Na chhapra
Infrastructure,23.03721945090673,72.55859792232513,Male,50-59,Need Private toilet,,Gharnala Na chhapra
Basic Services,23.037350271013395,72.55867570638657,Female,50-59,No access to tap water.,,Gharnala Na chhapra
Infrastructure,23.03733546119637,72.55858182907104,Male,30-39,Need community toilets,,Gharnala Na chhapra
Infrastructure,23.037073820827256,72.55867570638657,Female,10-19,Need individual bathrooms.,,Gharnala Na chhapra
Basic Services,23.037229324126766,72.55869448184966,Female,20-29,No access to tap water.,,Gharnala Na chhapra
Basic Services,23.03698002509951,72.55871057510376,Male,40-49,No access to tap water.,,Gharnala Na chhapra
Basic Services,23.037197236159013,72.55873471498488,Male,10-19,No access to tap water.,,Gharnala Na chhapra
Home Improvement,23.037105908824397,72.55880981683731,Male,10-19,Need Pakka Roof,,Gharnala Na chhapra
Home Improvement,23.036888697617663,72.55892246961594,Male,10-19,Need Pakka Roof,,Gharnala Na chhapra
Basic Services,23.036908444105475,72.5587749481201,Male,10-19,Need electricity connections,,Gharnala Na chhapra
Basic Services,23.037088630673033,72.55898147821426,Male,50-59,No access to tap water.,,Gharnala Na chhapra
Basic Services,23.0370392645141,72.55888760089874,Male,30-39,Need electricity connections,,Gharnala Na chhapra
Basic Services,23.037239197346068,72.55883663892746,Male,30-39,No access to tap water.,,Gharnala Na chhapra
Basic Services,23.037239197346068,72.558933198452,Male,20-29,No access to tap water.,,Gharnala Na chhapra
Infrastructure,23.036836863073386,72.55873203277588,Male,60-69,Need community toilets,,Gharnala Na chhapra
Infrastructure,23.036772686943337,72.55886882543564,Female,20-29,Need Private toilet,,Gharnala Na chhapra
Infrastructure,23.036748003808253,72.55875617265701,Male,30-39,Need Pakka Roof,,Gharnala Na chhapra
Infrastructure,23.036999771573935,72.55904585123062,Female,30-39,Need Pakka Roof,,Gharnala Na chhapra
Basic Services,23.037096035595315,72.55876153707504,Female,20-29,No access to tap water.,,Gharnala Na chhapra
Personal Issues.,23.037160211571358,72.55867034196854,Female,60-69,Domestic quarells and fights,,Gharnala Na chhapra
Personal Issues.,23.03701211311898,72.55858719348907,Female,40-49,Need Private toilet,,Gharnala Na chhapra
Education Improvement,23.03732065137773,72.55880177021027,Female,30-39,Need of Public School,,Gharnala Na chhapra
Basic Services,23.03743419327911,72.55873739719391,Male,10-19,Need electricity connections,,Gharnala Na chhapra
Basic Services,23.037212045991225,72.55906999111176,Male,10-19,No access to tap water.,,Gharnala Na chhapra
Basic Services,23.03688622930647,72.55909681320189,Male,10-19,No access to tap water.,,Gharnala Na chhapra
Basic Services,23.03681711657509,72.55901902914047,Female,10-19,No access to tap water.,,Gharnala Na chhapra
Basic Services,23.03711084543866,72.55912363529205,Female,10-19,No access to tap water.,,Gharnala Na chhapra
Infrastructure,23.036982493408967,72.55898147821426,Male,30-39,Need Private toilet,,Gharnala Na chhapra
Infrastructure,23.036999771573935,72.55883932113647,Male,50-59,Need pakka walls.,,Gharnala Na chhapra
Basic Services,23.036888697617663,72.55882859230042,Female,60-69,No access to cooking fuel.,,Gharnala Na chhapra
Health Issues,23.036952873692456,72.55849331617355,Male,40-49,Need a health center.,,Gharnala Na chhapra
Basic Services,23.03747368609194,72.55858719348907,Male,30-39,Need electricity connections,,Gharnala Na chhapra
Basic Services,23.03743419327911,72.55857646465302,Male,30-39,Need access to sewer line,,Gharnala Na chhapra
Basic Services,23.03753539358881,72.55851209163664,Male,50-59,Need access to tap water.,,Gharnala Na chhapra
Health Issues,23.037014581427854,72.5591504573822,Male,60-69,Malaria Epidemic.,,Gharnala Na chhapra
Health Issues,23.03695534200241,72.55917459726334,Male,60-69,No access to health centre.,,Gharnala Na chhapra
Infrastructure,23.03679243344816,72.55911022424698,Female,10-19,Need individual bathrooms.,,Gharnala Na chhapra
Infrastructure,23.036745535494493,72.55911827087402,Female,10-19,Need community toilets,,Gharnala Na chhapra
Basic Services,23.036720852354446,72.55900025367737,Male,20-29,No access to tap water.,,Gharnala Na chhapra
Personal Issues.,23.03672332066865,72.55891442298888,Female,20-29,Domestic quarells and fights,,Gharnala Na chhapra
Infrastructure,23.036646802907136,72.55879640579224,Male,50-59,Need Private toilet,,Gharnala Na chhapra